dbailey = Doug Bailey <dbailey@digium.com>
dbrooks  = David Brooks <dbrooks@digium.com>
dhubbard = Dwayne Hubbard <dhubbard@digium.com>
kpfleming  = Kevin P. Fleming <kpfleming@digium.com>
mattf = Matthew Fredrickson <creslin@digium.com>
mspiceland = Michael Spiceland <mspiceland@digium.com>
murf = Steve Murphy <murf@digium.com>
qwell = Jason Parker <jparker@digium.com>
rmeyerriecks = Russ Meyerriecks <rmeyerriecks@digium.com>
rmudgett = Richard Mudgett <rmudgett@digium.com>
russell = Russell Bryant <russell@digium.com>
seanbright = Sean Bright <sean.bright@gmail.com>
sruffell = Shaun Ruffell <sruffell@digium.com>
twilson = Terry Wilson <twilson@digium.com>
tzafrir = Tzafrir Cohen <tzafrir.cohen@xorcom.com>
wendell = Wendell Thompson <wthompson@digium.com>
